{
  "mse": 0.00044553007912292753,
  "corr": -0.053782720845972645,
  "final_eq_buyhold": 1.6470869924765075,
  "final_eq_strat": 0.9659592383765352,
  "avg_turnover": 0.1605657237936772
}